{"cameraMode":{"drawMode":0,"name":"Shaded","section":"Shading Mode"},"sceneLighting":false,"audioPlay":false,"sceneViewState":{"showFog":true,"showMaterialUpdate":false,"showSkybox":false,"showFlares":true,"showImageEffects":true,"showParticleSystems":true},"in2DMode":false,"pivot":{"x":2.3702759742736818,"y":-0.7689113616943359,"z":-1.197166919708252},"rotation":{"x":-0.06357409805059433,"y":0.9355824589729309,"z":-0.2652965188026428,"w":-0.22419829666614533},"size":19.561012268066408,"orthographic":false}