{"cameraMode":{"drawMode":0,"name":"Shaded","section":"Shading Mode"},"sceneLighting":false,"audioPlay":false,"sceneViewState":{"showFog":true,"showMaterialUpdate":false,"showSkybox":false,"showFlares":true,"showImageEffects":true,"showParticleSystems":true},"in2DMode":false,"pivot":{"x":27.342802047729493,"y":19.715105056762697,"z":6.222647190093994},"rotation":{"x":-0.16881942749023438,"y":0.680638313293457,"z":-0.1657019853591919,"w":-0.6934148669242859},"size":8.551136016845704,"orthographic":false}